,Tweet Bersih
0,cowok usaha lacak perhati gue lantas remeh perhati gue kasih khusus basic cowok bego
1,telat tau edan sarap gue gaul ciga ifla cal licew
2,kadang pikir percaya tuhan jatuh kali kadang tuhan tinggal orang tua rencana pisah kakak pilih kristen anak ter
3,ku tau mata sipit lihat
4,kaum cebong kafir lihat dungu dungu haha
5,ya bani taplak kawan kawan
6,deklarasi pilih kepala daerah aman anti hoa arga dukuh sari jabon
7,gue selesai re watch aldnoah zero kampret karakter utama cowok kena friendzone bro uniform resource locator
8,admin belanja po nak makan ais kepal milo ais kepal horlicks cendol toping kau kau doket gerai rozak me ua taipan kembar baby amp romantika bank islam senawang
9,enak ngewe
10,gue jari bom gue ukur nyali bacot
11,banci kaleng malu nyungsep koe uniform resource locator
12,ajar ekonomi mesti jago privatisasi hati orang aduh ironi
13,aktor huru hara prabowo si lengser perintah jokowi nyata
14,bu guru enak jablay guru sekolah dasar sih kayak nikmat pecun guru
15,lawan bicara gue intelek kayak otak kencing onta gue hadis nabi sahih kafir kayak tolak ahlun nar
16,pikir ampas banget ya
17,ari bek rapi monyet
18,cowok gantle gantle nama banci
19,alga mnr bom
20,anjing ya gue jarang ambek takut wkwk gue budak cinta
21,noob peluang sakit nya gede sih
22,joko widodo nilai presiden lemah sejarah indonesia jokowi milik modal dukung politik ketidakmampuan perintah hadap situasi ekonomi
23,ajar camat bilah hilir deklarasi anti hoa mp pilih kepala daerah damai
24,bandara udara internasional ajati bangun gubernur ahmad heryawan anggar dapat belanja negara perintah pusat insya allah operasi
25,gubernur presiden rakyat ya
26,sih kerja delay mulu setan
27,pintu sorga pintu sorga asli pintu hati modus banget
28,partai komunis indonesia muncul jelang pilih kepala daerah pilih presiden goreng gosong
29,nenek heran cebong bohong
30,islam nusantara produk jil pasar gencar antek jil jil anti arab pro asing almarhum kh hasyim muzadi
31,habis sahur jam si bayi nete kg lemas
32,kak emak suka sipit wkwk
33,laku homo jaman now ngentot live blued gay video gvid lokal hangat uniform resource locator
34,kak gue orang jawa maaf ya gue orang palembang kakak deh ajar aksara jawa kelak ajar budaya palembang
35,pegawai guardian training kayak mentang gue kayak gembel kaos flat shoes dijutekin bangsat malas beli kabur gue matahari
36,bajing luka lady terima ganjar ratus kali lipat sanji selamat ulang thpelautjkt
37,tolak berita hoa an sukses pilih kepala daerah wilayah kota diri
38,presiden ri jokowi kerja nya tulus ikhlas rakyatb rsamajkw
39,edan tuju fabiano
40,al alquran ya bang mulut kayak orang kafir bejat hina farhat abbas law
41,lihat beda wibawa wibawa gubernur indonesia masya allah
42,anjir kali lihat orang bego debat pilih kepala daerah kerja serang karakter kecewa on empok silvy and agus debat final pilih kepala daerah jakarta
43,gubernur zaman now gusipulputi ganjar yasin djarotsihar hasananton kosterace nurdinsudirman karolingidot keanekaragaman budaya suku agama sungguh kayak djarot hadap a rakercabsu
44,iya islam lokalisasi kristen mas nusantara mas lihat gereja bandung pakai gamelan khotbah pakai bahas sunda jawa huria kristen batak protestan nusantara
45,cipta situasi aman tertib masyarakat jelang pilih kepala daerah kepala polisi sektor konang silaturahmi tokoh masyarakat
46,positif nse positif respon masyarakat hadap cangkul impor garam impor beras impor jagung impor tenaga kerja impor esemka impor nurl
47,sembahyang adopsi tradisi lokal kerja hindu istilah sembahyang lahir tradisi ritus menyembahhyang tunggal salat sembah all
